genome_hash,reason
9353d613c7d3,gate_eval
35d85a0408d2,gate_eval
9353d613c7d3,gate_eval
35d85a0408d2,gate_eval
9353d613c7d3,gate_eval
35d85a0408d2,gate_eval
9353d613c7d3,gate_eval
35d85a0408d2,gate_eval
9353d613c7d3,gate_eval
35d85a0408d2,gate_eval
9353d613c7d3,gate_eval
35d85a0408d2,gate_eval
9353d613c7d3,artifact_store
35d85a0408d2,artifact_store
9353d613c7d3,gate_eval
35d85a0408d2,gate_eval
9353d613c7d3,gate_eval
35d85a0408d2,gate_eval
9353d613c7d3,artifact_store
9353d613c7d3,gate_eval
35d85a0408d2,gate_eval
9353d613c7d3,artifact_store
35d85a0408d2,artifact_store
9353d613c7d3,gate_eval
35d85a0408d2,gate_eval
9353d613c7d3,gate_eval
